"","r.squared","adj.r.squared","sigma","statistic","p.value","df","logLik","AIC","BIC","deviance","df.residual","nobs"
"1",0.960716932007511,0.960118712697981,39.7107620119723,1605.9610860135,3.72768929424341e-138,3,-1023.19254576308,2056.38509152617,2072.90161606647,310658.090055586,197,201
