"","term","estimate","std.error","statistic","p.value"
"1","(Intercept)",6.99039780701354,10.9981038321713,0.63560027380042,0.525774631553102
"2","numb_listened",152.691224489802,4.77421095936528,31.9825047090299,6.23231258216479e-80
"3","I(numb_listened^2)",-15.0842965623794,0.555486970303136,-27.1550862014778,1.63112929388702e-68
"4","I(numb_listened^3)",0.498593307280782,0.0182547667968459,27.3130472073152,6.6050122307993e-69
